<?xml version="1.0" encoding="UTF-8"?>
<beans xmlns="http://www.springframework.org/schema/beans"
	xmlns:xsi="http://www.w3.org/2001/XMLSchema-instance"
	xmlns:context="http://www.springframework.org/schema/context"
	xmlns:mvc="http://www.springframework.org/schema/mvc"
	xsi:schemaLocation="http://www.springframework.org/schema/mvc http://www.springframework.org/schema/mvc/spring-mvc-4.3.xsd
		http://www.springframework.org/schema/beans http://www.springframework.org/schema/beans/spring-beans.xsd
		http://www.springframework.org/schema/context http://www.springframework.org/schema/context/spring-context-4.3.xsd">

	<context:component-scan base-package="com.spring.biz.view" />
	
	<!-- 파일업로드 관련 설정(MultipartResolver 등록) 
		사용명칭 multipartResolver 이름은 대소문자 구분해서 동일하게 작성
		~Resolver 명칭이 있는 객체명은 대체로 정해져 있음 -->
	<bean id="multipartResolver"
		class="org.springframework.web.multipart.commons.CommonsMultipartResolver">
		<property name="maxUploadSize" value="10000000"></property>
	</bean>
	
	<!-- 예외처리를 위한 설정 -->
	<bean id="exceptionResolver"
		class="org.springframework.web.servlet.handler.SimpleMappingExceptionResolver">
		<property name="defaultErrorView" value="/common/error.jsp" />
		<property name="exceptionMappings">
			<props>
				<prop key="java.lang.IllegalArgumentException">
					common/illegalArgError.jsp
				</prop>
				<prop key="java.lang.NullPointerException">
					common/nullPointerError.jsp
				</prop>
			</props>
		</property>
	</bean>
	
	<!-- @GetMapping, @PostMapping 사용을 위해 설정 추가 -->
	<!-- 예외관련 설정 @ExceptionHanler 어노테이션 인식 처리 가능 -->
	<!-- JSON 변환관련 HttpMessageConverter(인터페이스)를 구현한 객체 
		MappingJackson2HttpMessageConverter 객체 사용 -->
	<mvc:annotation-driven />
	
</beans>







